direction,t1_bias,t1_strength,t1_pd_zone,t2_in_4h_ob,t2_in_1h_ob,t2_in_fvg,t2_in_brk,t2_in_rej,t2_in_mit,t2_in_vi,zone_quality,t2_confluence,t2m30_in_ob,t2m30_in_fvg,t2m30_in_brk,t2m30_in_rej,t2m30_choch,t2m30_zone_qual,t4_in_5m_ob,ob_height_atr,entry_depth_ob,session,t3_in_ote,t3_choch,swept,conf_score,sl_atr_ratio,rr_potential,atr_pct_of_price,tp2_distance_r,rvol,vol_pct,mom_12b,mom_48b,mom_96b,body_ratio,atr_rank,bb_score,tsm_score,day_of_week,label,sym,ts,entry,sl,tp1,ml_proba
1,0,0.0,0,0,0,0,0,0,0,1,0.75,0.75,0,0,0,0,0,,0,1.640592323040065,0.0,-1,0,1,1,0.7443576584225893,1.9999999999999865,4.000000000000038,0.0021213548139886,0.0,0.0,0.0,0.0,0.0,0.0,0.0,0.0,0.0,0.0,0.0,0,HEROMOTOCO,2026-02-18 09:15:00+00:00,5603.0,5579.228097954444,5698.087608182225,0.14489661588200028
0,0,0.0,0,0,0,1,0,0,0,1,0.9000000000000001,0.9000000000000001,0,0,0,0,0,,0,0.2765955235859924,1.0,-1,0,1,1,0.7788741152776656,1.9999999999999867,4.000000000000022,0.003053692193954819,163.73621447171996,0.0,0.0,0.0,0.0,0.0,0.0,0.0,0.0,0.0,0.0,0,COALINDIA,2026-02-18 09:15:00+00:00,414.35,416.88059472113036,404.2276211154786,0.17881964191712646
1,0,0.0,0,0,0,0,0,0,0,1,0.75,0.75,0,0,0,0,0,,0,1.590088424005297,0.0,-1,0,1,1,0.7443576584225893,1.999999999999998,4.0,0.0021828887398050592,0.0,0.0,0.0,0.0,0.0,0.0,0.0,0.0,0.0,0.0,0.0,0,HEROMOTOCO,2026-02-18 09:45:00+00:00,5618.0,5593.47306211955,5716.1077515217985,0.1558005903956524
0,0,0.0,0,0,0,1,0,0,0,1,0.9000000000000001,0.9000000000000001,0,0,0,0,0,,0,0.27116093374861244,1.0,-1,0,1,1,0.7788741152776656,2.000000000000013,3.999999999999978,0.0031025393465264183,161.1583107108032,0.0,0.0,0.0,0.0,0.0,0.0,0.0,0.0,0.0,0.0,0,COALINDIA,2026-02-18 09:45:00+00:00,416.0,418.58131273631,405.67474905476007,0.1737502478659806
1,0,0.0,0,0,0,0,0,1,0,0,0.9000000000000001,0.75,0,0,0,0,0,,0,0.19704507508700433,1.0,-1,0,1,1,0.8286614122872276,1.9999999999999842,4.000000000000044,0.0014771745657334591,0.0,0.0,0.0,0.0,0.0,0.0,0.0,0.0,0.0,0.0,0.0,0,SUNPHARMA,2026-02-19 09:15:00+00:00,1717.8,1712.7250190619661,1738.0999237521355,0.4312494143239792
1,0,0.0,0,0,0,0,0,1,0,0,0.9000000000000001,0.75,0,0,0,0,0,,0,0.17165081193056264,1.0,-1,0,1,1,0.8286614122872276,2.0000000000000173,3.999999999999961,0.0016914757488178064,0.0,0.0,0.0,0.0,0.0,0.0,0.0,0.0,0.0,0.0,0.0,0,SUNPHARMA,2026-02-19 09:45:00+00:00,1722.1,1716.2742192259216,1745.403123096313,0.44575423480121423
1,0,0.0,0,0,0,0,0,1,0,0,0.75,0.75,0,0,0,0,0,,0,0.6610165954414248,0.0,-1,0,0,1,0.6935923177780482,1.9999999999999918,4.000000000000023,0.00263240224740113,0.0,0.0,0.0,0.0,0.0,0.0,0.0,0.0,0.0,0.0,0.0,0,MARUTI,2026-02-20 09:15:00+00:00,14942.0,14863.333291238665,15256.666835045342,0.25190989537768205
1,0,0.0,0,0,0,0,0,1,0,0,0.75,0.75,0,0,0,0,0,,0,0.6405446656392149,0.0,-1,0,0,1,0.6935923177780482,2.0000000000000058,4.0,0.002716534325788196,0.0,0.0,0.0,0.0,0.0,0.0,0.0,0.0,0.0,0.0,0.0,0,MARUTI,2026-02-20 09:45:00+00:00,14942.0,14860.819088208145,15266.723647167419,0.26539443811962826
1,0,0.0,0,0,0,1,0,1,0,0,0.75,0.75,0,0,0,0,0,,0,0.9413429630686004,1.0,-1,0,1,1,0.8040162616448044,2.000000000000011,3.9999999999999725,0.002630955855562769,0.0,0.0,0.0,0.0,0.0,0.0,0.0,0.0,0.0,0.0,0.0,1,DIVISLAB,2026-02-24 09:15:00+00:00,6258.5,6225.568325555921,6390.2266977763165,0.49791808909151747
1,0,0.0,0,0,0,1,0,1,0,0,0.75,0.75,0,0,0,0,0,,0,0.9992366813752126,1.0,-1,0,1,1,0.8040162616448044,1.999999999999973,4.000000000000059,0.0024834839059783265,0.0,0.0,0.0,0.0,0.0,0.0,0.0,0.0,0.0,0.0,0.0,1,DIVISLAB,2026-02-24 09:45:00+00:00,6246.0,6214.976319046519,6370.094723813925,0.48431203977973897
0,0,0.0,0,1,0,0,0,0,0,0,0.75,0.75,0,0,0,0,0,,0,2.441722515401821,1.0,-1,0,1,1,0.8412481444806573,5.150039522708956,4.0,0.0019674084341358405,98.69494496729972,0.0,0.0,0.0,0.0,0.0,0.0,0.0,0.0,0.0,0.0,0,ICICIBANK,2026-02-26 09:15:00+00:00,1394.7,1408.8314228450313,1338.174308619875,0.22738885126912173
0,0,0.0,0,1,0,0,0,0,0,0,0.75,0.75,0,0,0,0,0,,0,2.590489615491288,1.0,-1,0,1,1,0.8412481444806573,4.033237237352816,4.0,0.0018495171667785382,134.05649648898097,0.0,0.0,0.0,0.0,0.0,0.0,0.0,0.0,0.0,0.0,0,ICICIBANK,2026-02-26 09:45:00+00:00,1398.4,1408.8314228450313,1356.6743086198753,0.22738885126912173
0,0,0.0,0,0,0,0,0,0,0,1,0.9000000000000001,0.75,0,0,0,0,0,,0,2.6036874672963943,1.0,-1,0,1,1,0.7694131695662472,1.9999999999999847,4.000000000000036,0.0030609751154730062,163.34663992285994,0.0,0.0,0.0,0.0,0.0,0.0,0.0,0.0,0.0,0.0,0,TITAN,2026-03-18 09:15:00+00:00,4115.5,4140.694886175458,4014.7204552981666,0.19597169191705305
0,0,0.0,0,0,0,0,0,0,0,1,0.9000000000000001,0.75,0,0,0,0,0,,0,2.775212697787361,1.0,-1,0,1,1,0.7694131695662472,2.0000000000000155,3.9999999999999614,0.002871369390436121,174.13294216528965,0.0,0.0,0.0,0.0,0.0,0.0,0.0,0.0,0.0,0.0,0,TITAN,2026-03-18 09:45:00+00:00,4116.1,4139.737687095949,4021.5492516162076,0.18948199709540475
1,0,0.0,0,0,0,0,0,1,0,1,0.9000000000000001,0.9000000000000001,0,0,0,0,0,,0,0.8299248733768569,0.0,-1,0,1,1,0.7664371293518232,2.0000000000000013,4.0,0.0036406031059706616,0.0,0.0,0.0,0.0,0.0,0.0,0.0,0.0,0.0,0.0,0.0,1,INFY,2026-03-24 09:15:00+00:00,1257.7,1248.5424269472414,1294.3302922110345,0.5219006434103137
1,0,0.0,0,0,0,0,0,1,0,1,0.9000000000000001,0.9000000000000001,0,0,0,0,0,,0,0.8692928675345727,0.0,-1,0,1,1,0.7664371293518232,2.00000000000001,3.999999999999974,0.0034751771149962923,0.0,0.0,0.0,0.0,0.0,0.0,0.0,0.0,0.0,0.0,0.0,1,INFY,2026-03-24 09:45:00+00:00,1257.9,1249.1571494140924,1292.8714023436307,0.517631266245986
0,0,0.0,0,0,0,0,0,0,0,1,0.9000000000000001,0.9000000000000001,0,0,0,0,0,,0,0.11895131135976346,0.0,-1,0,1,1,0.729441619664142,1.9999999999999916,4.000000000000019,0.0038952854908390045,128.3602963572016,0.0,0.0,0.0,0.0,0.0,0.0,0.0,0.0,0.0,0.0,0,TATASTEEL,2026-03-25 09:15:00+00:00,194.23,195.7431626017713,188.1773495929147,0.16234787216924923
0,0,0.0,0,0,0,0,0,0,0,1,0.9000000000000001,0.9000000000000001,0,0,0,0,0,,0,0.11689263274677793,0.0,-1,0,1,1,0.729441619664142,2.000000000000008,3.9999999999999813,0.0039594033832784006,126.28165195585508,0.0,0.0,0.0,0.0,0.0,0.0,0.0,0.0,0.0,0.0,0,TATASTEEL,2026-03-25 09:45:00+00:00,194.45,195.98981197575696,188.2907520969721,0.1745064685511852
0,0,0.0,0,1,0,0,0,1,0,1,0.7000000000000001,0.75,0,0,0,0,0,,0,3.3648660632855183,0.5213675213675213,-1,0,0,1,0.7236075798033322,2.8378805910532416,4.0,0.002305621109567256,152.83328307158695,0.0,0.0,0.0,0.0,0.0,0.0,0.0,0.0,0.0,0.0,0,APOLLOHOSP,2026-03-27 09:15:00+00:00,7540.5,7589.838075113312,7343.147699546753,0.265115016546495
0,0,0.0,0,1,0,0,0,1,0,1,0.7000000000000001,0.75,0,0,0,0,0,,0,2.8831275159168714,0.4444444444444444,-1,0,1,1,0.8183431247615733,2.2098100533322516,4.0,0.002689259868820892,168.27216558544896,0.0,0.0,0.0,0.0,0.0,0.0,0.0,0.0,0.0,0.0,0,APOLLOHOSP,2026-03-27 09:45:00+00:00,7545.0,7589.838075113312,7365.647699546753,0.4527055254252064
0,0,0.0,0,0,0,1,0,0,0,1,1.0,1.0,0,0,0,0,0,,0,2.290138141520846,1.0,-1,0,1,1,0.7390406365005466,2.0000000000000004,4.0,0.003436146166033143,145.511854222786,0.0,0.0,0.0,0.0,0.0,0.0,0.0,0.0,0.0,0.0,0,APOLLOHOSP,2026-03-30 09:15:00+00:00,7434.0,7485.088621196581,7229.645515213677,0.1692373488718626
0,0,0.0,0,0,0,1,0,0,0,1,1.0,1.0,0,0,0,0,0,,0,2.340886814969044,1.0,-1,0,1,1,0.7390406365005466,2.0000000000000018,4.0,0.0033510598820516283,149.2065249797575,0.0,0.0,0.0,0.0,0.0,0.0,0.0,0.0,0.0,0.0,0,APOLLOHOSP,2026-03-30 09:45:00+00:00,7457.5,7507.4810581408,7257.5757674368,0.1692373488718626
1,0,0.0,0,0,0,0,0,0,0,1,0.9000000000000001,0.55,0,0,0,0,0,,0,1.6962633105036318,1.0,-1,0,1,1,0.7084170912104967,2.0000000000000138,3.999999999999965,0.004736919108820717,0.0,0.0,0.0,0.0,0.0,0.0,0.0,0.0,0.0,0.0,0.0,0,HCLTECH,2026-04-01 09:15:00+00:00,1369.0,1356.0303154800488,1420.8787380798044,0.17173381064631124
1,0,0.0,0,0,0,0,0,1,0,1,0.75,0.75,0,0,0,0,0,,0,0.8916207252977709,1.0,-1,0,1,1,0.75298807936558,1.9999999999999858,4.00000000000003,0.005435934377176481,0.0,0.0,0.0,0.0,0.0,0.0,0.0,0.0,0.0,0.0,0.0,0,TECHM,2026-04-01 09:15:00+00:00,1403.0,1387.746768137643,1464.0129274494288,0.3079067858466804
1,0,0.0,0,0,0,0,0,0,0,1,0.9000000000000001,0.55,0,0,0,0,0,,0,1.6343374616529016,1.0,-1,0,1,1,0.7084170912104967,2.0000000000000027,4.0,0.004891392526991725,0.0,0.0,0.0,0.0,0.0,0.0,0.0,0.0,0.0,0.0,0.0,0,HCLTECH,2026-04-01 09:45:00+00:00,1376.0,1362.5388877657188,1429.844448937125,0.17314153710068844
1,0,0.0,0,0,0,0,0,1,0,1,0.75,0.75,0,0,0,0,0,,0,0.959391136638863,1.0,-1,0,1,1,0.75298807936558,1.9999999999999918,4.000000000000016,0.005012290192155257,0.0,0.0,0.0,0.0,0.0,0.0,0.0,0.0,0.0,0.0,0.0,0,TECHM,2026-04-01 09:45:00+00:00,1414.1,1399.9242408785465,1470.803036485814,0.3079067858466804
0,0,0.0,0,0,0,1,0,0,0,0,1.0,0.9000000000000001,0,0,0,0,0,,0,0.8409312213734315,1.0,-1,0,1,1,0.8012220905012177,2.000000000000008,3.9999999999999774,0.004369558258455362,114.42804293373761,0.0,0.0,0.0,0.0,0.0,0.0,0.0,0.0,0.0,0.0,0,POWERGRID,2026-04-02 09:15:00+00:00,285.75,288.24720254470725,275.76118982117106,0.33384503262044124
1,0,0.0,0,0,0,0,0,0,0,1,0.9000000000000001,0.75,0,0,0,0,0,,0,2.4474526939452517,1.0,-1,1,1,1,0.7803393585050233,2.000000000000009,3.9999999999999747,0.0033118185048923317,0.0,0.0,0.0,0.0,0.0,0.0,0.0,0.0,0.0,0.0,0.0,0,HCLTECH,2026-04-02 09:15:00+00:00,1357.1,1348.111062214021,1393.055751143915,0.27245791060369806
1,0,0.0,0,0,0,0,0,0,0,1,0.9000000000000001,0.75,0,0,0,0,0,,0,2.107552156380371,1.0,-1,1,1,1,0.7803393585050233,1.9999999999999976,4.0,0.003856169310667812,0.0,0.0,0.0,0.0,0.0,0.0,0.0,0.0,0.0,0.0,0.0,1,HCLTECH,2026-04-02 09:45:00+00:00,1353.5,1343.0613496760222,1395.254601295911,0.378781392843495
1,0,0.0,0,0,0,0,0,1,0,0,0.55,0.75,0,0,0,0,0,,0,0.8656702777187658,1.0,-1,0,1,1,0.8146644459027249,1.9999999999999964,4.0,0.004216687267543984,0.0,0.0,0.0,0.0,0.0,0.0,0.0,0.0,0.0,0.0,0.0,1,AXISBANK,2026-04-06 09:15:00+00:00,1205.4,1195.234410335405,1246.0623586583802,0.6097271684074912
1,0,0.0,0,0,0,0,0,1,0,0,0.55,0.75,0,0,0,0,0,,0,0.7554472161073231,1.0,-1,0,1,1,0.8146644459027249,1.99999999999999,4.0000000000000195,0.004831519607932769,0.0,0.0,0.0,0.0,0.0,0.0,0.0,0.0,0.0,0.0,0.0,1,AXISBANK,2026-04-06 09:45:00+00:00,1205.5,1193.8512062252742,1252.0951750989036,0.5560673195095134
1,0,0.0,0,0,0,0,0,1,0,1,0.75,0.75,0,0,0,0,0,,0,2.0421118844391297,1.0,-1,0,0,1,0.6935923177780482,1.9999999999999778,4.000000000000056,0.0031840530528002434,0.0,0.0,0.0,0.0,0.0,0.0,0.0,0.0,0.0,0.0,0.0,0,TCS,2026-04-09 09:15:00+00:00,2553.0,2536.742225112402,2618.0310995503924,0.26447776052386274
1,0,0.0,0,0,0,0,0,1,0,1,0.75,0.75,0,0,0,0,0,,0,1.6946573293621676,1.0,-1,0,0,1,0.6935923177780482,1.9999999999999876,4.000000000000023,0.0038233990091214322,0.0,0.0,0.0,0.0,0.0,0.0,0.0,0.0,0.0,0.0,0.0,0,TCS,2026-04-09 09:45:00+00:00,2562.0,2542.408903477262,2640.364386090953,0.27025714156066305
1,0,0.0,0,0,0,0,0,0,0,1,0.75,0.75,0,0,0,0,0,,0,2.2709695083094834,1.0,-1,0,1,1,0.7443576584225893,2.0000000000000098,3.99999999999998,0.0034576912744942187,0.0,0.0,0.0,0.0,0.0,0.0,0.0,0.0,0.0,0.0,0.0,0,WIPRO,2026-04-10 09:15:00+00:00,206.31,204.8832874263182,212.01685029472722,0.1541670788613262
1,0,0.0,0,0,0,0,0,0,0,1,0.75,0.75,0,0,0,0,0,,0,1.9202707672525403,1.0,-1,1,1,1,0.7738090158726825,1.9999999999999911,4.000000000000017,0.004137500885999293,0.0,0.0,0.0,0.0,0.0,0.0,0.0,0.0,0.0,0.0,0.0,0,WIPRO,2026-04-10 09:45:00+00:00,203.9,202.2127271386895,210.64909144524205,0.18914530412201502
0,0,0.0,0,0,1,0,0,0,1,1,0.75,0.9000000000000001,0,0,0,0,0,,0,0.9283951990054101,1.0,-1,0,1,1,0.7952900330163252,5.239808296846659,4.0,0.004223727652134679,45.18441822447419,0.0,0.0,0.0,0.0,0.0,0.0,0.0,0.0,0.0,0.0,0,LT,2026-04-13 09:15:00+00:00,3850.8,3936.024069520369,3509.9037219185257,0.28787757706167594
1,0,0.0,0,0,0,0,0,1,0,0,0.75,0.9000000000000001,0,0,0,0,0,,0,0.599626263054281,1.0,-1,0,1,1,0.792863612594603,2.000000000000026,3.999999999999941,0.002678304894217785,0.0,0.0,0.0,0.0,0.0,0.0,0.0,0.0,0.0,0.0,0.0,0,HCLTECH,2026-04-13 09:15:00+00:00,1432.1,1424.4287991219812,1462.7848035120742,0.3823496903772947
1,0,0.0,0,0,0,0,0,1,0,0,0.75,0.9000000000000001,0,0,0,0,0,,0,4.677903345370724,0.0,-1,0,1,1,0.792863612594603,2.000000000000023,3.9999999999999662,0.002360358679757372,0.0,0.0,0.0,0.0,0.0,0.0,0.0,0.0,0.0,0.0,0.0,0,TECHM,2026-04-13 09:15:00+00:00,1421.9,1415.187611986506,1448.7495520539762,0.38931083393091037
1,0,0.0,0,0,0,0,0,1,0,0,0.75,0.9000000000000001,0,0,0,0,0,,0,3.9708052801192686,0.0,-1,1,1,1,0.8242341632962378,2.0000000000000098,3.999999999999971,0.002781068894279867,0.0,0.0,0.0,0.0,0.0,0.0,0.0,0.0,0.0,0.0,0.0,1,TECHM,2026-04-13 09:45:00+00:00,1421.7,1413.7923087060046,1453.3307651759815,0.5279461488864153
1,0,0.0,0,0,0,0,0,1,0,0,0.75,0.9000000000000001,0,0,0,0,0,,0,0.5321283512145832,1.0,-1,0,1,1,0.792863612594603,2.0000000000000075,3.999999999999974,0.0030303076726936333,0.0,0.0,0.0,0.0,0.0,0.0,0.0,0.0,0.0,0.0,0.0,1,HCLTECH,2026-04-13 09:45:00+00:00,1426.3,1417.655744332874,1460.8770226685033,0.469604671501779
0,0,0.0,0,0,1,0,0,0,1,1,0.75,0.9000000000000001,0,0,0,0,0,,0,0.853866031471853,1.0,-1,0,1,1,0.7952900330163252,1.2171227127709714,4.0,0.004517661862951782,181.86616598202315,0.0,0.0,0.0,0.0,0.0,0.0,0.0,0.0,0.0,0.0,0,LT,2026-04-13 09:45:00+00:00,3914.5,3936.024069520369,3828.4037219185248,0.2564833468299446
1,0,0.0,0,0,0,0,0,1,0,0,0.75,0.75,0,0,0,0,0,,0,0.5118276381393763,1.0,-1,0,1,1,0.7843982297633976,2.000000000000006,3.9999999999999747,0.0030932451153572673,0.0,0.0,0.0,0.0,0.0,0.0,0.0,0.0,0.0,0.0,0.0,0,HCLTECH,2026-04-17 09:15:00+00:00,1452.7,1443.712885641841,1488.648457432636,0.469604671501779
1,0,0.0,0,0,0,0,0,1,0,0,0.75,0.75,0,0,0,0,0,,0,0.443072922820496,1.0,-1,1,1,1,0.8154338379640818,1.9999999999999822,4.0000000000000435,0.0036080168093088508,0.0,0.0,0.0,0.0,0.0,0.0,0.0,0.0,0.0,0.0,0.0,0,HCLTECH,2026-04-17 09:45:00+00:00,1438.7,1428.3182924328949,1480.2268302684213,0.5107838815781002
0,0,0.0,0,0,0,0,0,0,0,1,0.75,0.9000000000000001,0,0,0,0,0,,0,0.19926277516915147,0.0,-1,0,1,1,0.7725925989478682,1.9999999999999942,4.0,0.001999720596780523,250.034930282252,0.0,0.0,0.0,0.0,0.0,0.0,0.0,0.0,0.0,0.0,0,DIVISLAB,2026-04-21 09:15:00+00:00,6274.0,6299.092494048402,6173.630023806392,0.16356487307292417
0,0,0.0,0,0,0,0,0,0,0,1,0.75,0.9000000000000001,0,0,0,0,0,,0,0.1951261116328132,0.0,-1,0,1,1,0.7725925989478682,2.0000000000000275,3.999999999999929,0.002046681600029686,244.29789176427875,0.0,0.0,0.0,0.0,0.0,0.0,0.0,0.0,0.0,0.0,0,DIVISLAB,2026-04-21 09:45:00+00:00,6260.0,6285.624453632372,6157.502185470514,0.15577701503643301
1,0,0.0,0,0,0,0,0,1,0,0,0.75,0.75,0,0,0,0,0,,0,2.1839421732442394,0.0,-1,0,1,1,0.7843982297633976,1.9999999999999876,4.000000000000034,0.0027656807076518243,0.0,0.0,0.0,0.0,0.0,0.0,0.0,0.0,0.0,0.0,0.0,0,HDFCLIFE,2026-04-23 09:45:00+00:00,604.3,600.957398296732,617.670406813072,0.37493420231155605
1,0,0.0,0,0,0,0,0,0,0,1,0.75,0.9000000000000001,0,0,0,0,0,,0,1.635996390445274,1.0,-1,0,1,1,0.7725925989478682,1.9999999999999891,4.000000000000024,0.005476897771165299,0.0,0.0,0.0,0.0,0.0,0.0,0.0,0.0,0.0,0.0,0.0,0,MARUTI,2026-05-04 09:15:00+00:00,13839.0,13687.410423489688,14445.358306041253,0.16979218973253163
1,0,0.0,0,0,0,0,0,0,0,1,0.75,0.9000000000000001,0,0,0,0,0,,0,1.6924548683210645,1.0,-1,0,1,1,0.7725925989478682,1.9999999999999885,4.000000000000025,0.005293811811444228,0.0,0.0,0.0,0.0,0.0,0.0,0.0,0.0,0.0,0.0,0.0,0,MARUTI,2026-05-04 09:45:00+00:00,13840.0,13693.467289059225,14426.130843763105,0.16979218973253163
1,0,0.0,0,0,0,0,0,0,0,1,0.75,0.55,0,0,0,0,0,,0,0.46935503914759547,1.0,-1,0,1,1,0.7497599231590139,1.9999999999999791,4.000000000000053,0.0023221616158850904,0.0,0.0,0.0,0.0,0.0,0.0,0.0,0.0,0.0,0.0,0.0,0,EICHERMOT,2026-05-07 09:15:00+00:00,7340.0,7305.910667478807,7476.357330084773,0.14400815298411973
1,0,0.0,0,0,0,0,0,0,0,1,0.75,0.55,0,0,0,0,0,,0,0.3474033527106385,1.0,-1,0,1,1,0.7497599231590139,1.999999999999997,4.0,0.0030878963884278963,0.0,0.0,0.0,0.0,0.0,0.0,0.0,0.0,0.0,0.0,0.0,0,EICHERMOT,2026-05-07 09:45:00+00:00,7457.5,7411.444025366598,7641.723898533608,0.14903909160079074
0,0,0.0,0,0,0,0,0,1,0,0,0.9000000000000001,0.9000000000000001,0,0,0,0,0,,0,2.9899059109643336,1.0,-1,0,1,1,0.8183767212442764,2.0000000000000075,4.0,0.002417191361016161,206.85164115008402,0.0,0.0,0.0,0.0,0.0,0.0,0.0,0.0,0.0,0.0,1,HINDUNILVR,2026-05-12 09:15:00+00:00,2296.9,2308.004093674236,2252.4836253030558,0.4575134762988978
0,0,0.0,0,0,0,0,0,1,0,0,0.9000000000000001,0.9000000000000001,0,0,0,0,0,,0,2.9569770137777325,1.0,-1,0,1,1,0.8183767212442764,2.0000000000000027,4.0,0.002450938412083123,204.00349414534452,0.0,0.0,0.0,0.0,0.0,0.0,0.0,0.0,0.0,0.0,1,HINDUNILVR,2026-05-12 09:45:00+00:00,2290.5,2301.727748865753,2245.589004536989,0.4575134762988978
0,0,0.0,0,0,0,0,0,1,0,0,0.9000000000000001,0.9000000000000001,0,0,0,0,0,,0,2.916717549863783,1.0,-1,0,1,1,0.8183767212442764,1.999999999999987,4.00000000000004,0.002509972553009286,199.2053655728376,0.0,0.0,0.0,0.0,0.0,0.0,0.0,0.0,0.0,0.0,0,HINDUNILVR,2026-05-13 09:15:00+00:00,2267.5,2278.882725527897,2221.9690978884114,0.4382642544423947
0,0,0.0,0,0,0,0,0,1,0,0,0.9000000000000001,0.9000000000000001,0,0,0,0,0,,0,2.594181665285301,1.0,-1,0,1,1,0.8183767212442764,2.000000000000005,4.0,0.0028326572379289037,176.51270803437328,0.0,0.0,0.0,0.0,0.0,0.0,0.0,0.0,0.0,0.0,0,HINDUNILVR,2026-05-13 09:45:00+00:00,2259.0,2271.797945400963,2207.8082183961487,0.5320873130904213
1,0,0.0,0,0,0,0,0,1,0,0,0.75,0.75,0,0,0,0,0,,0,0.6787844251051782,0.0,-1,0,0,1,0.7274786348791457,1.9999999999999913,4.000000000000023,0.0040714377468963016,0.0,0.0,0.0,0.0,0.0,0.0,0.0,0.0,0.0,0.0,0.0,1,HDFCLIFE,2026-05-18 09:15:00+00:00,597.05,592.1882961864311,616.4968152542755,0.26839585710720915
1,0,0.0,0,0,0,0,0,1,0,0,0.75,0.75,0,0,0,0,0,,0,0.7243356040323073,0.0,-1,0,0,1,0.7274786348791457,1.9999999999999896,4.000000000000025,0.003819235989918747,0.0,0.0,0.0,0.0,0.0,0.0,0.0,0.0,0.0,0.0,0.0,1,HDFCLIFE,2026-05-18 09:45:00+00:00,596.45,591.894033387626,614.6738664494964,0.31177126454832965
0,0,0.0,0,1,0,0,0,0,0,0,0.75,0.75,0,0,0,0,0,,0,2.5878820526549293,1.0,-1,1,1,1,0.8745330842229736,8.753960542913182,4.0,0.0019671629441922523,58.07043513442052,0.0,0.0,0.0,0.0,0.0,0.0,0.0,0.0,0.0,0.0,0,ONGC,2026-05-20 09:15:00+00:00,294.65,299.724010541129,274.3539578354838,0.22738885126912173
0,0,0.0,0,1,0,0,0,0,0,0,0.75,0.75,0,0,0,0,0,,0,2.553631516559832,1.0,-1,1,1,1,0.8745330842229736,8.638102155455952,4.0,0.0019935474812674218,58.07043513442052,0.0,0.0,0.0,0.0,0.0,0.0,0.0,0.0,0.0,0.0,0,ONGC,2026-05-20 09:45:00+00:00,294.65,299.724010541129,274.3539578354838,0.22738885126912173
0,0,0.0,0,0,0,0,0,1,0,0,0.75,0.75,0,0,0,0,0,,0,0.7011715031030551,1.0,-1,0,1,1,0.75298807936558,2.0000000000000413,3.999999999999916,0.0022738823192205164,219.88824829395259,0.0,0.0,0.0,0.0,0.0,0.0,0.0,0.0,0.0,0.0,0,TATACONSUM,2026-05-25 09:15:00+00:00,1191.7,1197.1195711196303,1170.0217155214793,0.2611265105062548
0,0,0.0,0,0,0,0,0,1,0,0,0.75,0.75,0,0,0,0,0,,0,0.6974264259013858,1.0,-1,1,1,1,0.7827809092372446,2.0000000000000235,3.9999999999999583,0.0022880126893583003,218.5302565521282,0.0,0.0,0.0,0.0,0.0,0.0,0.0,0.0,0.0,0.0,0,TATACONSUM,2026-05-25 09:45:00+00:00,1190.7,1196.148673418438,1168.9053063262486,0.3823496903772947
1,0,0.0,0,1,0,0,0,0,0,0,0.75,0.9000000000000001,0,0,0,0,0,,0,1.3355223283658202,1.0,-1,0,1,1,0.8689404461450668,7.094080093994046,4.0,0.002000469477858203,0.0,0.0,0.0,0.0,0.0,0.0,0.0,0.0,0.0,0.0,0.0,0,HDFCLIFE,2026-05-27 09:15:00+00:00,617.6,608.8353353427434,652.6586586290265,0.21933824444723024
1,0,0.0,0,1,0,0,0,0,0,0,0.75,0.9000000000000001,0,0,0,0,0,,0,1.257695205398276,1.0,-1,0,1,1,0.8689404461450668,3.8604304288435913,4.0,0.0021370630307844724,0.0,0.0,0.0,0.0,0.0,0.0,0.0,0.0,0.0,0.0,0.0,0,HDFCLIFE,2026-05-27 09:45:00+00:00,613.9,608.8353353427434,634.1586586290263,0.21933824444723024
